id,collected_at,observed_date,stn,source,temp_avg_c,temp_max_c,temp_min_c,rain_day_mm,humidity_avg_pct,raw_fields,raw_line,api_url
2,2026-07-08T20:14:59.800960+09:00,2026-07-08,108,KMA_ASOS_DAILY,,28.6,23.4,26.1,,"{""TM"": ""20260708"", ""STN"": ""108"", ""EV_L"": ""-9.0"", ""EV_S"": ""-9.0"", ""TE_05"": ""25.8"", ""TE_10"": ""23.0"", ""TE_15"": ""21.9"", ""TE_30"": ""17.2"", ""TE_50"": ""14.4"", ""CA_TOT"": ""-9.0"", ""FG_DUR"": ""-9.00"", ""HM_AVG"": ""-9.0"", ""HM_MIN"": ""66.0"", ""PA_AVG"": ""-9.0"", ""PS_AVG"": ""-9.0"", ""PS_MAX"": ""1006.0"", ""PS_MIN"": ""1002.2"", ""PV_AVG"": ""-9.0"", ""RN_D99"": ""-9.0"", ""RN_DAY"": ""26.1"", ""RN_DUR"": ""-9.00"", ""SD_MAX"": ""-9.0"", ""SD_NEW"": ""-9.0"", ""SI_DAY"": ""-9.00"", ""SS_CMB"": ""-9.0"", ""SS_DAY"": ""-9.0"", ""SS_DUR"": ""14.6"", ""TA_AVG"": ""-99.0"", ""TA_MAX"": ""28.6"", ""TA_MIN"": ""23.4"", ""TD_AVG"": ""-99.0"", ""TG_MIN"": ""22.0"", ""TS_AVG"": ""-99.0"", ""WD_INS"": ""16"", ""WD_MAX"": ""18"", ""WR_DAY"": ""-9"", ""WS_AVG"": ""-9.0"", ""WS_INS"": ""10.4"", ""WS_MAX"": ""4.9"", ""HM_MIN_TM"": ""341"", ""PS_MAX_TM"": ""1945"", ""PS_MIN_TM"": ""247"", ""SD_MAX_TM"": ""-9"", ""SD_NEW_TM"": ""-9"", ""TA_MAX_TM"": ""1"", ""TA_MIN_TM"": ""815"", ""WS_INS_TM"": ""430"", ""WS_MAX_TM"": ""448"", ""RN_10M_MAX"": ""4.3"", ""RN_60M_MAX"": ""9.8"", ""RN_POW_MAX"": ""-9.0"", ""SI_60M_MAX"": ""-9.00"", ""RN_10M_MAX_TM"": ""443"", ""RN_60M_MAX_TM"": ""435"", ""RN_POW_MAX_TM"": ""-9"", ""SI_60M_MAX_TM"": ""-9""}","20260708,108,-9.0,-9,18,4.9,448,16,10.4,430,-99.0,28.6,1,23.4,815,-99.0,-99.0,22.0,-9.0,66.0,341,-9.0,-9.0,-9.0,-9.00,-9.0,-9.0,1006.0,1945,1002.2,247,-9.0,-9.0,14.6,-9.0,-9.00,-9.00,-9,26.1,-9.0,-9.00,9.8,435,4.3,443,-9.0,-9,-9.0,-9,-9.0,-9,25.8,23.0,21.9,17.2,14.4,",https://apihub.kma.go.kr/api/typ01/url/kma_sfcdd.php?tm=&stn=108&authKey=L_aqRjZLRCq2qkY2S3QqkA
7,2026-07-09T20:14:30.896745+09:00,2026-07-09,108,KMA_ASOS_DAILY,,25.9,22.0,37.8,,"{""TM"": ""20260709"", ""STN"": ""108"", ""EV_L"": ""-9.0"", ""EV_S"": ""-9.0"", ""TE_05"": ""-99.0"", ""TE_10"": ""-99.0"", ""TE_15"": ""-99.0"", ""TE_30"": ""-99.0"", ""TE_50"": ""-99.0"", ""CA_TOT"": ""-9.0"", ""FG_DUR"": ""-9.00"", ""HM_AVG"": ""-9.0"", ""HM_MIN"": ""83.0"", ""PA_AVG"": ""-9.0"", ""PS_AVG"": ""-9.0"", ""PS_MAX"": ""1010.8"", ""PS_MIN"": ""1006.4"", ""PV_AVG"": ""-9.0"", ""RN_D99"": ""-9.0"", ""RN_DAY"": ""37.8"", ""RN_DUR"": ""-9.00"", ""SD_MAX"": ""-9.0"", ""SD_NEW"": ""-9.0"", ""SI_DAY"": ""-9.00"", ""SS_CMB"": ""-9.0"", ""SS_DAY"": ""-9.0"", ""SS_DUR"": ""14.6"", ""TA_AVG"": ""-99.0"", ""TA_MAX"": ""25.9"", ""TA_MIN"": ""22.0"", ""TD_AVG"": ""-99.0"", ""TG_MIN"": ""21.1"", ""TS_AVG"": ""-99.0"", ""WD_INS"": ""16"", ""WD_MAX"": ""11"", ""WR_DAY"": ""-9"", ""WS_AVG"": ""-9.0"", ""WS_INS"": ""7.5"", ""WS_MAX"": ""3.8"", ""HM_MIN_TM"": ""1"", ""PS_MAX_TM"": ""1229"", ""PS_MIN_TM"": ""502"", ""SD_MAX_TM"": ""-9"", ""SD_NEW_TM"": ""-9"", ""TA_MAX_TM"": ""954"", ""TA_MIN_TM"": ""1239"", ""WS_INS_TM"": ""1031"", ""WS_MAX_TM"": ""1016"", ""RN_10M_MAX"": ""4.0"", ""RN_60M_MAX"": ""14.3"", ""RN_POW_MAX"": ""-9.0"", ""SI_60M_MAX"": ""-9.00"", ""RN_10M_MAX_TM"": ""1207"", ""RN_60M_MAX_TM"": ""1148"", ""RN_POW_MAX_TM"": ""-9"", ""SI_60M_MAX_TM"": ""-9""}","20260709,108,-9.0,-9,11,3.8,1016,16,7.5,1031,-99.0,25.9,954,22.0,1239,-99.0,-99.0,21.1,-9.0,83.0,1,-9.0,-9.0,-9.0,-9.00,-9.0,-9.0,1010.8,1229,1006.4,502,-9.0,-9.0,14.6,-9.0,-9.00,-9.00,-9,37.8,-9.0,-9.00,14.3,1148,4.0,1207,-9.0,-9,-9.0,-9,-9.0,-9,-99.0,-99.0,-99.0,-99.0,-99.0,",https://apihub.kma.go.kr/api/typ01/url/kma_sfcdd.php?tm=&stn=108&authKey=L_aqRjZLRCq2qkY2S3QqkA
13,2026-07-10T20:13:14.073201+09:00,2026-07-10,108,KMA_ASOS_DAILY,,27.7,23.6,4.1,,"{""TM"": ""20260710"", ""STN"": ""108"", ""EV_L"": ""-9.0"", ""EV_S"": ""-9.0"", ""TE_05"": ""25.4"", ""TE_10"": ""23.5"", ""TE_15"": ""22.3"", ""TE_30"": ""17.4"", ""TE_50"": ""14.4"", ""CA_TOT"": ""-9.0"", ""FG_DUR"": ""-9.00"", ""HM_AVG"": ""-9.0"", ""HM_MIN"": ""80.0"", ""PA_AVG"": ""-9.0"", ""PS_AVG"": ""-9.0"", ""PS_MAX"": ""1011.4"", ""PS_MIN"": ""1009.0"", ""PV_AVG"": ""-9.0"", ""RN_D99"": ""-9.0"", ""RN_DAY"": ""4.1"", ""RN_DUR"": ""-9.00"", ""SD_MAX"": ""-9.0"", ""SD_NEW"": ""-9.0"", ""SI_DAY"": ""-9.00"", ""SS_CMB"": ""-9.0"", ""SS_DAY"": ""-9.0"", ""SS_DUR"": ""14.6"", ""TA_AVG"": ""-99.0"", ""TA_MAX"": ""27.7"", ""TA_MIN"": ""23.6"", ""TD_AVG"": ""-99.0"", ""TG_MIN"": ""23.1"", ""TS_AVG"": ""-99.0"", ""WD_INS"": ""23"", ""WD_MAX"": ""20"", ""WR_DAY"": ""-9"", ""WS_AVG"": ""-9.0"", ""WS_INS"": ""9.4"", ""WS_MAX"": ""5.2"", ""HM_MIN_TM"": ""1209"", ""PS_MAX_TM"": ""1220"", ""PS_MIN_TM"": ""127"", ""SD_MAX_TM"": ""-9"", ""SD_NEW_TM"": ""-9"", ""TA_MAX_TM"": ""1636"", ""TA_MIN_TM"": ""1"", ""WS_INS_TM"": ""1225"", ""WS_MAX_TM"": ""1214"", ""RN_10M_MAX"": ""1.9"", ""RN_60M_MAX"": ""2.1"", ""RN_POW_MAX"": ""-9.0"", ""SI_60M_MAX"": ""-9.00"", ""RN_10M_MAX_TM"": ""1649"", ""RN_60M_MAX_TM"": ""1605"", ""RN_POW_MAX_TM"": ""-9"", ""SI_60M_MAX_TM"": ""-9""}","20260710,108,-9.0,-9,20,5.2,1214,23,9.4,1225,-99.0,27.7,1636,23.6,1,-99.0,-99.0,23.1,-9.0,80.0,1209,-9.0,-9.0,-9.0,-9.00,-9.0,-9.0,1011.4,1220,1009.0,127,-9.0,-9.0,14.6,-9.0,-9.00,-9.00,-9,4.1,-9.0,-9.00,2.1,1605,1.9,1649,-9.0,-9,-9.0,-9,-9.0,-9,25.4,23.5,22.3,17.4,14.4,",https://apihub.kma.go.kr/api/typ01/url/kma_sfcdd.php?tm=&stn=108&authKey=L_aqRjZLRCq2qkY2S3QqkA
19,2026-07-11T20:13:24.543963+09:00,2026-07-11,108,KMA_ASOS_DAILY,,32.6,24.7,,,"{""TM"": ""20260711"", ""STN"": ""108"", ""EV_L"": ""-9.0"", ""EV_S"": ""-9.0"", ""TE_05"": ""25.5"", ""TE_10"": ""23.5"", ""TE_15"": ""22.5"", ""TE_30"": ""17.7"", ""TE_50"": ""14.5"", ""CA_TOT"": ""-9.0"", ""FG_DUR"": ""-9.00"", ""HM_AVG"": ""-9.0"", ""HM_MIN"": ""56.0"", ""PA_AVG"": ""-9.0"", ""PS_AVG"": ""-9.0"", ""PS_MAX"": ""1012.3"", ""PS_MIN"": ""1010.0"", ""PV_AVG"": ""-9.0"", ""RN_D99"": ""-9.0"", ""RN_DAY"": ""-9.0"", ""RN_DUR"": ""-9.00"", ""SD_MAX"": ""-9.0"", ""SD_NEW"": ""-9.0"", ""SI_DAY"": ""-9.00"", ""SS_CMB"": ""-9.0"", ""SS_DAY"": ""-9.0"", ""SS_DUR"": ""14.6"", ""TA_AVG"": ""-99.0"", ""TA_MAX"": ""32.6"", ""TA_MIN"": ""24.7"", ""TD_AVG"": ""-99.0"", ""TG_MIN"": ""22.2"", ""TS_AVG"": ""-99.0"", ""WD_INS"": ""18"", ""WD_MAX"": ""20"", ""WR_DAY"": ""-9"", ""WS_AVG"": ""-9.0"", ""WS_INS"": ""6.3"", ""WS_MAX"": ""3.5"", ""HM_MIN_TM"": ""1320"", ""PS_MAX_TM"": ""1"", ""PS_MIN_TM"": ""1837"", ""SD_MAX_TM"": ""-9"", ""SD_NEW_TM"": ""-9"", ""TA_MAX_TM"": ""1643"", ""TA_MIN_TM"": ""537"", ""WS_INS_TM"": ""1346"", ""WS_MAX_TM"": ""1354"", ""RN_10M_MAX"": ""-9.0"", ""RN_60M_MAX"": ""-9.0"", ""RN_POW_MAX"": ""-9.0"", ""SI_60M_MAX"": ""-9.00"", ""RN_10M_MAX_TM"": ""-9"", ""RN_60M_MAX_TM"": ""-9"", ""RN_POW_MAX_TM"": ""-9"", ""SI_60M_MAX_TM"": ""-9""}","20260711,108,-9.0,-9,20,3.5,1354,18,6.3,1346,-99.0,32.6,1643,24.7,537,-99.0,-99.0,22.2,-9.0,56.0,1320,-9.0,-9.0,-9.0,-9.00,-9.0,-9.0,1012.3,1,1010.0,1837,-9.0,-9.0,14.6,-9.0,-9.00,-9.00,-9,-9.0,-9.0,-9.00,-9.0,-9,-9.0,-9,-9.0,-9,-9.0,-9,-9.0,-9,25.5,23.5,22.5,17.7,14.5,",https://apihub.kma.go.kr/api/typ01/url/kma_sfcdd.php?tm=&stn=108&authKey=L_aqRjZLRCq2qkY2S3QqkA
25,2026-07-12T20:12:40.843299+09:00,2026-07-12,108,KMA_ASOS_DAILY,,35.0,25.2,,,"{""TM"": ""20260712"", ""STN"": ""108"", ""EV_L"": ""-9.0"", ""EV_S"": ""-9.0"", ""TE_05"": ""26.1"", ""TE_10"": ""23.5"", ""TE_15"": ""22.5"", ""TE_30"": ""17.8"", ""TE_50"": ""14.5"", ""CA_TOT"": ""-9.0"", ""FG_DUR"": ""-9.00"", ""HM_AVG"": ""-9.0"", ""HM_MIN"": ""50.0"", ""PA_AVG"": ""-9.0"", ""PS_AVG"": ""-9.0"", ""PS_MAX"": ""1011.7"", ""PS_MIN"": ""1008.7"", ""PV_AVG"": ""-9.0"", ""RN_D99"": ""-9.0"", ""RN_DAY"": ""-9.0"", ""RN_DUR"": ""-9.00"", ""SD_MAX"": ""-9.0"", ""SD_NEW"": ""-9.0"", ""SI_DAY"": ""-9.00"", ""SS_CMB"": ""-9.0"", ""SS_DAY"": ""-9.0"", ""SS_DUR"": ""14.6"", ""TA_AVG"": ""-99.0"", ""TA_MAX"": ""35.0"", ""TA_MIN"": ""25.2"", ""TD_AVG"": ""-99.0"", ""TG_MIN"": ""22.1"", ""TS_AVG"": ""-99.0"", ""WD_INS"": ""23"", ""WD_MAX"": ""20"", ""WR_DAY"": ""-9"", ""WS_AVG"": ""-9.0"", ""WS_INS"": ""8.0"", ""WS_MAX"": ""4.1"", ""HM_MIN_TM"": ""1422"", ""PS_MAX_TM"": ""639"", ""PS_MIN_TM"": ""1729"", ""SD_MAX_TM"": ""-9"", ""SD_NEW_TM"": ""-9"", ""TA_MAX_TM"": ""1602"", ""TA_MIN_TM"": ""517"", ""WS_INS_TM"": ""1113"", ""WS_MAX_TM"": ""1417"", ""RN_10M_MAX"": ""-9.0"", ""RN_60M_MAX"": ""-9.0"", ""RN_POW_MAX"": ""-9.0"", ""SI_60M_MAX"": ""-9.00"", ""RN_10M_MAX_TM"": ""-9"", ""RN_60M_MAX_TM"": ""-9"", ""RN_POW_MAX_TM"": ""-9"", ""SI_60M_MAX_TM"": ""-9""}","20260712,108,-9.0,-9,20,4.1,1417,23,8.0,1113,-99.0,35.0,1602,25.2,517,-99.0,-99.0,22.1,-9.0,50.0,1422,-9.0,-9.0,-9.0,-9.00,-9.0,-9.0,1011.7,639,1008.7,1729,-9.0,-9.0,14.6,-9.0,-9.00,-9.00,-9,-9.0,-9.0,-9.00,-9.0,-9,-9.0,-9,-9.0,-9,-9.0,-9,-9.0,-9,26.1,23.5,22.5,17.8,14.5,",https://apihub.kma.go.kr/api/typ01/url/kma_sfcdd.php?tm=&stn=108&authKey=L_aqRjZLRCq2qkY2S3QqkA
31,2026-07-13T20:14:22.736974+09:00,2026-07-13,108,KMA_ASOS_DAILY,,33.5,27.6,0.0,,"{""TM"": ""20260713"", ""STN"": ""108"", ""EV_L"": ""-9.0"", ""EV_S"": ""-9.0"", ""TE_05"": ""26.6"", ""TE_10"": ""23.7"", ""TE_15"": ""22.6"", ""TE_30"": ""17.9"", ""TE_50"": ""14.5"", ""CA_TOT"": ""-9.0"", ""FG_DUR"": ""-9.00"", ""HM_AVG"": ""-9.0"", ""HM_MIN"": ""56.0"", ""PA_AVG"": ""-9.0"", ""PS_AVG"": ""-9.0"", ""PS_MAX"": ""1010.3"", ""PS_MIN"": ""1006.1"", ""PV_AVG"": ""-9.0"", ""RN_D99"": ""-9.0"", ""RN_DAY"": ""0.0"", ""RN_DUR"": ""-9.00"", ""SD_MAX"": ""-9.0"", ""SD_NEW"": ""-9.0"", ""SI_DAY"": ""-9.00"", ""SS_CMB"": ""-9.0"", ""SS_DAY"": ""-9.0"", ""SS_DUR"": ""14.6"", ""TA_AVG"": ""-99.0"", ""TA_MAX"": ""33.5"", ""TA_MIN"": ""27.6"", ""TD_AVG"": ""-99.0"", ""TG_MIN"": ""23.8"", ""TS_AVG"": ""-99.0"", ""WD_INS"": ""16"", ""WD_MAX"": ""20"", ""WR_DAY"": ""-9"", ""WS_AVG"": ""-9.0"", ""WS_INS"": ""8.3"", ""WS_MAX"": ""4.2"", ""HM_MIN_TM"": ""1653"", ""PS_MAX_TM"": ""1"", ""PS_MIN_TM"": ""1749"", ""SD_MAX_TM"": ""-9"", ""SD_NEW_TM"": ""-9"", ""TA_MAX_TM"": ""1648"", ""TA_MIN_TM"": ""600"", ""WS_INS_TM"": ""314"", ""WS_MAX_TM"": ""303"", ""RN_10M_MAX"": ""-9.0"", ""RN_60M_MAX"": ""-9.0"", ""RN_POW_MAX"": ""-9.0"", ""SI_60M_MAX"": ""-9.00"", ""RN_10M_MAX_TM"": ""-9"", ""RN_60M_MAX_TM"": ""-9"", ""RN_POW_MAX_TM"": ""-9"", ""SI_60M_MAX_TM"": ""-9""}","20260713,108,-9.0,-9,20,4.2,303,16,8.3,314,-99.0,33.5,1648,27.6,600,-99.0,-99.0,23.8,-9.0,56.0,1653,-9.0,-9.0,-9.0,-9.00,-9.0,-9.0,1010.3,1,1006.1,1749,-9.0,-9.0,14.6,-9.0,-9.00,-9.00,-9,0.0,-9.0,-9.00,-9.0,-9,-9.0,-9,-9.0,-9,-9.0,-9,-9.0,-9,26.6,23.7,22.6,17.9,14.5,",https://apihub.kma.go.kr/api/typ01/url/kma_sfcdd.php?tm=&stn=108&authKey=L_aqRjZLRCq2qkY2S3QqkA
37,2026-07-14T20:15:00.582770+09:00,2026-07-14,108,KMA_ASOS_DAILY,,31.0,26.2,14.1,,"{""TM"": ""20260714"", ""STN"": ""108"", ""EV_L"": ""-9.0"", ""EV_S"": ""-9.0"", ""TE_05"": ""26.9"", ""TE_10"": ""23.9"", ""TE_15"": ""22.6"", ""TE_30"": ""17.9"", ""TE_50"": ""14.6"", ""CA_TOT"": ""-9.0"", ""FG_DUR"": ""-9.00"", ""HM_AVG"": ""-9.0"", ""HM_MIN"": ""63.0"", ""PA_AVG"": ""-9.0"", ""PS_AVG"": ""-9.0"", ""PS_MAX"": ""1007.8"", ""PS_MIN"": ""998.5"", ""PV_AVG"": ""-9.0"", ""RN_D99"": ""-9.0"", ""RN_DAY"": ""14.1"", ""RN_DUR"": ""-9.00"", ""SD_MAX"": ""-9.0"", ""SD_NEW"": ""-9.0"", ""SI_DAY"": ""-9.00"", ""SS_CMB"": ""-9.0"", ""SS_DAY"": ""-9.0"", ""SS_DUR"": ""14.5"", ""TA_AVG"": ""-99.0"", ""TA_MAX"": ""31.0"", ""TA_MIN"": ""26.2"", ""TD_AVG"": ""-99.0"", ""TG_MIN"": ""24.7"", ""TS_AVG"": ""-99.0"", ""WD_INS"": ""20"", ""WD_MAX"": ""18"", ""WR_DAY"": ""-9"", ""WS_AVG"": ""-9.0"", ""WS_INS"": ""10.1"", ""WS_MAX"": ""5.3"", ""HM_MIN_TM"": ""1214"", ""PS_MAX_TM"": ""10"", ""PS_MIN_TM"": ""2009"", ""SD_MAX_TM"": ""-9"", ""SD_NEW_TM"": ""-9"", ""TA_MAX_TM"": ""1212"", ""TA_MIN_TM"": ""1922"", ""WS_INS_TM"": ""303"", ""WS_MAX_TM"": ""1120"", ""RN_10M_MAX"": ""5.7"", ""RN_60M_MAX"": ""11.6"", ""RN_POW_MAX"": ""-9.0"", ""SI_60M_MAX"": ""-9.00"", ""RN_10M_MAX_TM"": ""1812"", ""RN_60M_MAX_TM"": ""1757"", ""RN_POW_MAX_TM"": ""-9"", ""SI_60M_MAX_TM"": ""-9""}","20260714,108,-9.0,-9,18,5.3,1120,20,10.1,303,-99.0,31.0,1212,26.2,1922,-99.0,-99.0,24.7,-9.0,63.0,1214,-9.0,-9.0,-9.0,-9.00,-9.0,-9.0,1007.8,10,998.5,2009,-9.0,-9.0,14.5,-9.0,-9.00,-9.00,-9,14.1,-9.0,-9.00,11.6,1757,5.7,1812,-9.0,-9,-9.0,-9,-9.0,-9,26.9,23.9,22.6,17.9,14.6,",https://apihub.kma.go.kr/api/typ01/url/kma_sfcdd.php?tm=&stn=108&authKey=L_aqRjZLRCq2qkY2S3QqkA
43,2026-07-15T20:12:20.274778+09:00,2026-07-15,108,KMA_ASOS_DAILY,,26.3,23.4,17.6,,"{""TM"": ""20260715"", ""STN"": ""108"", ""EV_L"": ""-9.0"", ""EV_S"": ""-9.0"", ""TE_05"": ""27.0"", ""TE_10"": ""24.7"", ""TE_15"": ""23.6"", ""TE_30"": ""19.1"", ""TE_50"": ""14.6"", ""CA_TOT"": ""-9.0"", ""FG_DUR"": ""-9.00"", ""HM_AVG"": ""-9.0"", ""HM_MIN"": ""78.0"", ""PA_AVG"": ""-9.0"", ""PS_AVG"": ""-9.0"", ""PS_MAX"": ""1002.6"", ""PS_MIN"": ""997.4"", ""PV_AVG"": ""-9.0"", ""RN_D99"": ""-9.0"", ""RN_DAY"": ""17.6"", ""RN_DUR"": ""-9.00"", ""SD_MAX"": ""-9.0"", ""SD_NEW"": ""-9.0"", ""SI_DAY"": ""-9.00"", ""SS_CMB"": ""-9.0"", ""SS_DAY"": ""-9.0"", ""SS_DUR"": ""14.5"", ""TA_AVG"": ""-99.0"", ""TA_MAX"": ""26.3"", ""TA_MIN"": ""23.4"", ""TD_AVG"": ""-99.0"", ""TG_MIN"": ""22.8"", ""TS_AVG"": ""-99.0"", ""WD_INS"": ""23"", ""WD_MAX"": ""23"", ""WR_DAY"": ""-9"", ""WS_AVG"": ""-9.0"", ""WS_INS"": ""13.3"", ""WS_MAX"": ""7.2"", ""HM_MIN_TM"": ""1753"", ""PS_MAX_TM"": ""1957"", ""PS_MIN_TM"": ""1"", ""SD_MAX_TM"": ""-9"", ""SD_NEW_TM"": ""-9"", ""TA_MAX_TM"": ""1841"", ""TA_MIN_TM"": ""1050"", ""WS_INS_TM"": ""101"", ""WS_MAX_TM"": ""103"", ""RN_10M_MAX"": ""1.8"", ""RN_60M_MAX"": ""9.2"", ""RN_POW_MAX"": ""-9.0"", ""SI_60M_MAX"": ""-9.00"", ""RN_10M_MAX_TM"": ""11"", ""RN_60M_MAX_TM"": ""-9"", ""RN_POW_MAX_TM"": ""-9"", ""SI_60M_MAX_TM"": ""-9""}","20260715,108,-9.0,-9,23,7.2,103,23,13.3,101,-99.0,26.3,1841,23.4,1050,-99.0,-99.0,22.8,-9.0,78.0,1753,-9.0,-9.0,-9.0,-9.00,-9.0,-9.0,1002.6,1957,997.4,1,-9.0,-9.0,14.5,-9.0,-9.00,-9.00,-9,17.6,-9.0,-9.00,9.2,-9,1.8,11,-9.0,-9,-9.0,-9,-9.0,-9,27.0,24.7,23.6,19.1,14.6,",https://apihub.kma.go.kr/api/typ01/url/kma_sfcdd.php?tm=&stn=108&authKey=L_aqRjZLRCq2qkY2S3QqkA
49,2026-07-16T20:14:38.427431+09:00,2026-07-16,108,KMA_ASOS_DAILY,,30.3,22.9,,,"{""TM"": ""20260716"", ""STN"": ""108"", ""EV_L"": ""-9.0"", ""EV_S"": ""-9.0"", ""TE_05"": ""-99.0"", ""TE_10"": ""-99.0"", ""TE_15"": ""-99.0"", ""TE_30"": ""-99.0"", ""TE_50"": ""-99.0"", ""CA_TOT"": ""-9.0"", ""FG_DUR"": ""-9.00"", ""HM_AVG"": ""-9.0"", ""HM_MIN"": ""64.0"", ""PA_AVG"": ""-9.0"", ""PS_AVG"": ""-9.0"", ""PS_MAX"": ""1004.6"", ""PS_MIN"": ""1001.7"", ""PV_AVG"": ""-9.0"", ""RN_D99"": ""-9.0"", ""RN_DAY"": ""-9.0"", ""RN_DUR"": ""-9.00"", ""SD_MAX"": ""-9.0"", ""SD_NEW"": ""-9.0"", ""SI_DAY"": ""-9.00"", ""SS_CMB"": ""-9.0"", ""SS_DAY"": ""-9.0"", ""SS_DUR"": ""14.5"", ""TA_AVG"": ""-99.0"", ""TA_MAX"": ""30.3"", ""TA_MIN"": ""22.9"", ""TD_AVG"": ""-99.0"", ""TG_MIN"": ""19.3"", ""TS_AVG"": ""-99.0"", ""WD_INS"": ""25"", ""WD_MAX"": ""27"", ""WR_DAY"": ""-9"", ""WS_AVG"": ""-9.0"", ""WS_INS"": ""5.7"", ""WS_MAX"": ""3.7"", ""HM_MIN_TM"": ""1736"", ""PS_MAX_TM"": ""743"", ""PS_MIN_TM"": ""1739"", ""SD_MAX_TM"": ""-9"", ""SD_NEW_TM"": ""-9"", ""TA_MAX_TM"": ""1334"", ""TA_MIN_TM"": ""245"", ""WS_INS_TM"": ""1544"", ""WS_MAX_TM"": ""1455"", ""RN_10M_MAX"": ""-9.0"", ""RN_60M_MAX"": ""-9.0"", ""RN_POW_MAX"": ""-9.0"", ""SI_60M_MAX"": ""-9.00"", ""RN_10M_MAX_TM"": ""-9"", ""RN_60M_MAX_TM"": ""-9"", ""RN_POW_MAX_TM"": ""-9"", ""SI_60M_MAX_TM"": ""-9""}","20260716,108,-9.0,-9,27,3.7,1455,25,5.7,1544,-99.0,30.3,1334,22.9,245,-99.0,-99.0,19.3,-9.0,64.0,1736,-9.0,-9.0,-9.0,-9.00,-9.0,-9.0,1004.6,743,1001.7,1739,-9.0,-9.0,14.5,-9.0,-9.00,-9.00,-9,-9.0,-9.0,-9.00,-9.0,-9,-9.0,-9,-9.0,-9,-9.0,-9,-9.0,-9,-99.0,-99.0,-99.0,-99.0,-99.0,",https://apihub.kma.go.kr/api/typ01/url/kma_sfcdd.php?tm=&stn=108&authKey=L_aqRjZLRCq2qkY2S3QqkA
55,2026-07-17T20:14:53.591032+09:00,2026-07-17,108,KMA_ASOS_DAILY,,31.7,24.1,,,"{""TM"": ""20260717"", ""STN"": ""108"", ""EV_L"": ""-9.0"", ""EV_S"": ""-9.0"", ""TE_05"": ""-99.0"", ""TE_10"": ""-99.0"", ""TE_15"": ""-99.0"", ""TE_30"": ""-99.0"", ""TE_50"": ""-99.0"", ""CA_TOT"": ""-9.0"", ""FG_DUR"": ""-9.00"", ""HM_AVG"": ""-9.0"", ""HM_MIN"": ""53.0"", ""PA_AVG"": ""-9.0"", ""PS_AVG"": ""-9.0"", ""PS_MAX"": ""1003.5"", ""PS_MIN"": ""1000.0"", ""PV_AVG"": ""-9.0"", ""RN_D99"": ""-9.0"", ""RN_DAY"": ""-9.0"", ""RN_DUR"": ""-9.00"", ""SD_MAX"": ""-9.0"", ""SD_NEW"": ""-9.0"", ""SI_DAY"": ""-9.00"", ""SS_CMB"": ""-9.0"", ""SS_DAY"": ""-9.0"", ""SS_DUR"": ""14.5"", ""TA_AVG"": ""-99.0"", ""TA_MAX"": ""31.7"", ""TA_MIN"": ""24.1"", ""TD_AVG"": ""-99.0"", ""TG_MIN"": ""20.8"", ""TS_AVG"": ""-99.0"", ""WD_INS"": ""5"", ""WD_MAX"": ""16"", ""WR_DAY"": ""-9"", ""WS_AVG"": ""-9.0"", ""WS_INS"": ""6.5"", ""WS_MAX"": ""3.4"", ""HM_MIN_TM"": ""1500"", ""PS_MAX_TM"": ""1"", ""PS_MIN_TM"": ""1643"", ""SD_MAX_TM"": ""-9"", ""SD_NEW_TM"": ""-9"", ""TA_MAX_TM"": ""1423"", ""TA_MIN_TM"": ""331"", ""WS_INS_TM"": ""1353"", ""WS_MAX_TM"": ""1525"", ""RN_10M_MAX"": ""-9.0"", ""RN_60M_MAX"": ""-9.0"", ""RN_POW_MAX"": ""-9.0"", ""SI_60M_MAX"": ""-9.00"", ""RN_10M_MAX_TM"": ""-9"", ""RN_60M_MAX_TM"": ""-9"", ""RN_POW_MAX_TM"": ""-9"", ""SI_60M_MAX_TM"": ""-9""}","20260717,108,-9.0,-9,16,3.4,1525,5,6.5,1353,-99.0,31.7,1423,24.1,331,-99.0,-99.0,20.8,-9.0,53.0,1500,-9.0,-9.0,-9.0,-9.00,-9.0,-9.0,1003.5,1,1000.0,1643,-9.0,-9.0,14.5,-9.0,-9.00,-9.00,-9,-9.0,-9.0,-9.00,-9.0,-9,-9.0,-9,-9.0,-9,-9.0,-9,-9.0,-9,-99.0,-99.0,-99.0,-99.0,-99.0,",https://apihub.kma.go.kr/api/typ01/url/kma_sfcdd.php?tm=&stn=108&authKey=L_aqRjZLRCq2qkY2S3QqkA
61,2026-07-18T20:14:20.453965+09:00,2026-07-18,108,KMA_ASOS_DAILY,,28.1,19.8,119.7,,"{""TM"": ""20260718"", ""STN"": ""108"", ""EV_L"": ""-9.0"", ""EV_S"": ""-9.0"", ""TE_05"": ""26.8"", ""TE_10"": ""25.5"", ""TE_15"": ""24.5"", ""TE_30"": ""20.0"", ""TE_50"": ""14.8"", ""CA_TOT"": ""-9.0"", ""FG_DUR"": ""-9.00"", ""HM_AVG"": ""-9.0"", ""HM_MIN"": ""71.0"", ""PA_AVG"": ""-9.0"", ""PS_AVG"": ""-9.0"", ""PS_MAX"": ""1000.7"", ""PS_MIN"": ""996.0"", ""PV_AVG"": ""-9.0"", ""RN_D99"": ""-9.0"", ""RN_DAY"": ""119.7"", ""RN_DUR"": ""-9.00"", ""SD_MAX"": ""-9.0"", ""SD_NEW"": ""-9.0"", ""SI_DAY"": ""-9.00"", ""SS_CMB"": ""-9.0"", ""SS_DAY"": ""-9.0"", ""SS_DUR"": ""14.5"", ""TA_AVG"": ""-99.0"", ""TA_MAX"": ""28.1"", ""TA_MIN"": ""19.8"", ""TD_AVG"": ""-99.0"", ""TG_MIN"": ""18.9"", ""TS_AVG"": ""-99.0"", ""WD_INS"": ""5"", ""WD_MAX"": ""5"", ""WR_DAY"": ""-9"", ""WS_AVG"": ""-9.0"", ""WS_INS"": ""13.4"", ""WS_MAX"": ""5.7"", ""HM_MIN_TM"": ""1544"", ""PS_MAX_TM"": ""2006"", ""PS_MIN_TM"": ""434"", ""SD_MAX_TM"": ""-9"", ""SD_NEW_TM"": ""-9"", ""TA_MAX_TM"": ""1531"", ""TA_MIN_TM"": ""654"", ""WS_INS_TM"": ""434"", ""WS_MAX_TM"": ""600"", ""RN_10M_MAX"": ""12.7"", ""RN_60M_MAX"": ""53.2"", ""RN_POW_MAX"": ""-9.0"", ""SI_60M_MAX"": ""-9.00"", ""RN_10M_MAX_TM"": ""355"", ""RN_60M_MAX_TM"": ""335"", ""RN_POW_MAX_TM"": ""-9"", ""SI_60M_MAX_TM"": ""-9""}","20260718,108,-9.0,-9,5,5.7,600,5,13.4,434,-99.0,28.1,1531,19.8,654,-99.0,-99.0,18.9,-9.0,71.0,1544,-9.0,-9.0,-9.0,-9.00,-9.0,-9.0,1000.7,2006,996.0,434,-9.0,-9.0,14.5,-9.0,-9.00,-9.00,-9,119.7,-9.0,-9.00,53.2,335,12.7,355,-9.0,-9,-9.0,-9,-9.0,-9,26.8,25.5,24.5,20.0,14.8,",https://apihub.kma.go.kr/api/typ01/url/kma_sfcdd.php?tm=&stn=108&authKey=L_aqRjZLRCq2qkY2S3QqkA
67,2026-07-19T20:14:09.117175+09:00,2026-07-19,108,KMA_ASOS_DAILY,,29.2,23.2,0.1,,"{""TM"": ""20260719"", ""STN"": ""108"", ""EV_L"": ""-9.0"", ""EV_S"": ""-9.0"", ""TE_05"": ""26.0"", ""TE_10"": ""25.2"", ""TE_15"": ""24.9"", ""TE_30"": ""21.7"", ""TE_50"": ""15.1"", ""CA_TOT"": ""-9.0"", ""FG_DUR"": ""-9.00"", ""HM_AVG"": ""-9.0"", ""HM_MIN"": ""59.0"", ""PA_AVG"": ""-9.0"", ""PS_AVG"": ""-9.0"", ""PS_MAX"": ""1004.7"", ""PS_MIN"": ""1001.5"", ""PV_AVG"": ""-9.0"", ""RN_D99"": ""-9.0"", ""RN_DAY"": ""0.1"", ""RN_DUR"": ""-9.00"", ""SD_MAX"": ""-9.0"", ""SD_NEW"": ""-9.0"", ""SI_DAY"": ""-9.00"", ""SS_CMB"": ""-9.0"", ""SS_DAY"": ""-9.0"", ""SS_DUR"": ""14.4"", ""TA_AVG"": ""-99.0"", ""TA_MAX"": ""29.2"", ""TA_MIN"": ""23.2"", ""TD_AVG"": ""-99.0"", ""TG_MIN"": ""22.4"", ""TS_AVG"": ""-99.0"", ""WD_INS"": ""25"", ""WD_MAX"": ""20"", ""WR_DAY"": ""-9"", ""WS_AVG"": ""-9.0"", ""WS_INS"": ""6.0"", ""WS_MAX"": ""3.5"", ""HM_MIN_TM"": ""1524"", ""PS_MAX_TM"": ""1859"", ""PS_MIN_TM"": ""2"", ""SD_MAX_TM"": ""-9"", ""SD_NEW_TM"": ""-9"", ""TA_MAX_TM"": ""1521"", ""TA_MIN_TM"": ""542"", ""WS_INS_TM"": ""1256"", ""WS_MAX_TM"": ""1327"", ""RN_10M_MAX"": ""0.1"", ""RN_60M_MAX"": ""0.1"", ""RN_POW_MAX"": ""-9.0"", ""SI_60M_MAX"": ""-9.00"", ""RN_10M_MAX_TM"": ""320"", ""RN_60M_MAX_TM"": ""230"", ""RN_POW_MAX_TM"": ""-9"", ""SI_60M_MAX_TM"": ""-9""}","20260719,108,-9.0,-9,20,3.5,1327,25,6.0,1256,-99.0,29.2,1521,23.2,542,-99.0,-99.0,22.4,-9.0,59.0,1524,-9.0,-9.0,-9.0,-9.00,-9.0,-9.0,1004.7,1859,1001.5,2,-9.0,-9.0,14.4,-9.0,-9.00,-9.00,-9,0.1,-9.0,-9.00,0.1,230,0.1,320,-9.0,-9,-9.0,-9,-9.0,-9,26.0,25.2,24.9,21.7,15.1,",https://apihub.kma.go.kr/api/typ01/url/kma_sfcdd.php?tm=&stn=108&authKey=L_aqRjZLRCq2qkY2S3QqkA
73,2026-07-20T20:14:08.355382+09:00,2026-07-20,108,KMA_ASOS_DAILY,,25.0,23.1,20.0,,"{""TM"": ""20260720"", ""STN"": ""108"", ""EV_L"": ""-9.0"", ""EV_S"": ""-9.0"", ""TE_05"": ""26.4"", ""TE_10"": ""25.0"", ""TE_15"": ""24.6"", ""TE_30"": ""20.7"", ""TE_50"": ""15.3"", ""CA_TOT"": ""-9.0"", ""FG_DUR"": ""-9.00"", ""HM_AVG"": ""-9.0"", ""HM_MIN"": ""80.0"", ""PA_AVG"": ""-9.0"", ""PS_AVG"": ""-9.0"", ""PS_MAX"": ""1008.5"", ""PS_MIN"": ""1005.2"", ""PV_AVG"": ""-9.0"", ""RN_D99"": ""-9.0"", ""RN_DAY"": ""20.0"", ""RN_DUR"": ""-9.00"", ""SD_MAX"": ""-9.0"", ""SD_NEW"": ""-9.0"", ""SI_DAY"": ""-9.00"", ""SS_CMB"": ""-9.0"", ""SS_DAY"": ""-9.0"", ""SS_DUR"": ""14.4"", ""TA_AVG"": ""-99.0"", ""TA_MAX"": ""25.0"", ""TA_MIN"": ""23.1"", ""TD_AVG"": ""-99.0"", ""TG_MIN"": ""22.2"", ""TS_AVG"": ""-99.0"", ""WD_INS"": ""5"", ""WD_MAX"": ""5"", ""WR_DAY"": ""-9"", ""WS_AVG"": ""-9.0"", ""WS_INS"": ""6.0"", ""WS_MAX"": ""3.2"", ""HM_MIN_TM"": ""10"", ""PS_MAX_TM"": ""1157"", ""PS_MIN_TM"": ""209"", ""SD_MAX_TM"": ""-9"", ""SD_NEW_TM"": ""-9"", ""TA_MAX_TM"": ""1"", ""TA_MIN_TM"": ""1212"", ""WS_INS_TM"": ""1752"", ""WS_MAX_TM"": ""1800"", ""RN_10M_MAX"": ""3.8"", ""RN_60M_MAX"": ""8.9"", ""RN_POW_MAX"": ""-9.0"", ""SI_60M_MAX"": ""-9.00"", ""RN_10M_MAX_TM"": ""1201"", ""RN_60M_MAX_TM"": ""1149"", ""RN_POW_MAX_TM"": ""-9"", ""SI_60M_MAX_TM"": ""-9""}","20260720,108,-9.0,-9,5,3.2,1800,5,6.0,1752,-99.0,25.0,1,23.1,1212,-99.0,-99.0,22.2,-9.0,80.0,10,-9.0,-9.0,-9.0,-9.00,-9.0,-9.0,1008.5,1157,1005.2,209,-9.0,-9.0,14.4,-9.0,-9.00,-9.00,-9,20.0,-9.0,-9.00,8.9,1149,3.8,1201,-9.0,-9,-9.0,-9,-9.0,-9,26.4,25.0,24.6,20.7,15.3,",https://apihub.kma.go.kr/api/typ01/url/kma_sfcdd.php?tm=&stn=108&authKey=L_aqRjZLRCq2qkY2S3QqkA
79,2026-07-21T20:15:05.523389+09:00,2026-07-21,108,KMA_ASOS_DAILY,,25.9,24.3,39.1,,"{""TM"": ""20260721"", ""STN"": ""108"", ""EV_L"": ""-9.0"", ""EV_S"": ""-9.0"", ""TE_05"": ""26.3"", ""TE_10"": ""25.0"", ""TE_15"": ""24.6"", ""TE_30"": ""20.3"", ""TE_50"": ""15.4"", ""CA_TOT"": ""-9.0"", ""FG_DUR"": ""-9.00"", ""HM_AVG"": ""-9.0"", ""HM_MIN"": ""87.0"", ""PA_AVG"": ""-9.0"", ""PS_AVG"": ""-9.0"", ""PS_MAX"": ""1006.6"", ""PS_MIN"": ""1004.8"", ""PV_AVG"": ""-9.0"", ""RN_D99"": ""-9.0"", ""RN_DAY"": ""39.1"", ""RN_DUR"": ""-9.00"", ""SD_MAX"": ""-9.0"", ""SD_NEW"": ""-9.0"", ""SI_DAY"": ""-9.00"", ""SS_CMB"": ""-9.0"", ""SS_DAY"": ""-9.0"", ""SS_DUR"": ""14.4"", ""TA_AVG"": ""-99.0"", ""TA_MAX"": ""25.9"", ""TA_MIN"": ""24.3"", ""TD_AVG"": ""-99.0"", ""TG_MIN"": ""23.6"", ""TS_AVG"": ""-99.0"", ""WD_INS"": ""18"", ""WD_MAX"": ""20"", ""WR_DAY"": ""-9"", ""WS_AVG"": ""-9.0"", ""WS_INS"": ""12.3"", ""WS_MAX"": ""6.8"", ""HM_MIN_TM"": ""923"", ""PS_MAX_TM"": ""1930"", ""PS_MIN_TM"": ""922"", ""SD_MAX_TM"": ""-9"", ""SD_NEW_TM"": ""-9"", ""TA_MAX_TM"": ""923"", ""TA_MIN_TM"": ""1238"", ""WS_INS_TM"": ""1137"", ""WS_MAX_TM"": ""1145"", ""RN_10M_MAX"": ""10.0"", ""RN_60M_MAX"": ""18.8"", ""RN_POW_MAX"": ""-9.0"", ""SI_60M_MAX"": ""-9.00"", ""RN_10M_MAX_TM"": ""307"", ""RN_60M_MAX_TM"": ""305"", ""RN_POW_MAX_TM"": ""-9"", ""SI_60M_MAX_TM"": ""-9""}","20260721,108,-9.0,-9,20,6.8,1145,18,12.3,1137,-99.0,25.9,923,24.3,1238,-99.0,-99.0,23.6,-9.0,87.0,923,-9.0,-9.0,-9.0,-9.00,-9.0,-9.0,1006.6,1930,1004.8,922,-9.0,-9.0,14.4,-9.0,-9.00,-9.00,-9,39.1,-9.0,-9.00,18.8,305,10.0,307,-9.0,-9,-9.0,-9,-9.0,-9,26.3,25.0,24.6,20.3,15.4,",https://apihub.kma.go.kr/api/typ01/url/kma_sfcdd.php?tm=&stn=108&authKey=L_aqRjZLRCq2qkY2S3QqkA
85,2026-07-22T20:13:40.434551+09:00,2026-07-22,108,KMA_ASOS_DAILY,,27.7,23.7,9.5,,"{""TM"": ""20260722"", ""STN"": ""108"", ""EV_L"": ""-9.0"", ""EV_S"": ""-9.0"", ""TE_05"": ""26.1"", ""TE_10"": ""25.0"", ""TE_15"": ""24.9"", ""TE_30"": ""21.4"", ""TE_50"": ""15.4"", ""CA_TOT"": ""-9.0"", ""FG_DUR"": ""-9.00"", ""HM_AVG"": ""-9.0"", ""HM_MIN"": ""84.0"", ""PA_AVG"": ""-9.0"", ""PS_AVG"": ""-9.0"", ""PS_MAX"": ""1008.9"", ""PS_MIN"": ""1006.6"", ""PV_AVG"": ""-9.0"", ""RN_D99"": ""-9.0"", ""RN_DAY"": ""9.5"", ""RN_DUR"": ""-9.00"", ""SD_MAX"": ""-9.0"", ""SD_NEW"": ""-9.0"", ""SI_DAY"": ""-9.00"", ""SS_CMB"": ""-9.0"", ""SS_DAY"": ""-9.0"", ""SS_DUR"": ""14.4"", ""TA_AVG"": ""-99.0"", ""TA_MAX"": ""27.7"", ""TA_MIN"": ""23.7"", ""TD_AVG"": ""-99.0"", ""TG_MIN"": ""22.1"", ""TS_AVG"": ""-99.0"", ""WD_INS"": ""18"", ""WD_MAX"": ""20"", ""WR_DAY"": ""-9"", ""WS_AVG"": ""-9.0"", ""WS_INS"": ""5.7"", ""WS_MAX"": ""3.2"", ""HM_MIN_TM"": ""1702"", ""PS_MAX_TM"": ""654"", ""PS_MIN_TM"": ""1659"", ""SD_MAX_TM"": ""-9"", ""SD_NEW_TM"": ""-9"", ""TA_MAX_TM"": ""1654"", ""TA_MIN_TM"": ""538"", ""WS_INS_TM"": ""1711"", ""WS_MAX_TM"": ""1715"", ""RN_10M_MAX"": ""3.3"", ""RN_60M_MAX"": ""5.9"", ""RN_POW_MAX"": ""-9.0"", ""SI_60M_MAX"": ""-9.00"", ""RN_10M_MAX_TM"": ""1107"", ""RN_60M_MAX_TM"": ""1049"", ""RN_POW_MAX_TM"": ""-9"", ""SI_60M_MAX_TM"": ""-9""}","20260722,108,-9.0,-9,20,3.2,1715,18,5.7,1711,-99.0,27.7,1654,23.7,538,-99.0,-99.0,22.1,-9.0,84.0,1702,-9.0,-9.0,-9.0,-9.00,-9.0,-9.0,1008.9,654,1006.6,1659,-9.0,-9.0,14.4,-9.0,-9.00,-9.00,-9,9.5,-9.0,-9.00,5.9,1049,3.3,1107,-9.0,-9,-9.0,-9,-9.0,-9,26.1,25.0,24.9,21.4,15.4,",https://apihub.kma.go.kr/api/typ01/url/kma_sfcdd.php?tm=&stn=108&authKey=L_aqRjZLRCq2qkY2S3QqkA
91,2026-07-23T20:12:43.602186+09:00,2026-07-23,108,KMA_ASOS_DAILY,,29.3,25.7,6.0,,"{""TM"": ""20260723"", ""STN"": ""108"", ""EV_L"": ""-9.0"", ""EV_S"": ""-9.0"", ""TE_05"": ""26.3"", ""TE_10"": ""25.0"", ""TE_15"": ""24.7"", ""TE_30"": ""20.9"", ""TE_50"": ""15.4"", ""CA_TOT"": ""-9.0"", ""FG_DUR"": ""-9.00"", ""HM_AVG"": ""-9.0"", ""HM_MIN"": ""75.0"", ""PA_AVG"": ""-9.0"", ""PS_AVG"": ""-9.0"", ""PS_MAX"": ""1007.9"", ""PS_MIN"": ""1006.2"", ""PV_AVG"": ""-9.0"", ""RN_D99"": ""-9.0"", ""RN_DAY"": ""6.0"", ""RN_DUR"": ""-9.00"", ""SD_MAX"": ""-9.0"", ""SD_NEW"": ""-9.0"", ""SI_DAY"": ""-9.00"", ""SS_CMB"": ""-9.0"", ""SS_DAY"": ""-9.0"", ""SS_DUR"": ""14.3"", ""TA_AVG"": ""-99.0"", ""TA_MAX"": ""29.3"", ""TA_MIN"": ""25.7"", ""TD_AVG"": ""-99.0"", ""TG_MIN"": ""24.2"", ""TS_AVG"": ""-99.0"", ""WD_INS"": ""20"", ""WD_MAX"": ""20"", ""WR_DAY"": ""-9"", ""WS_AVG"": ""-9.0"", ""WS_INS"": ""10.2"", ""WS_MAX"": ""6.3"", ""HM_MIN_TM"": ""1319"", ""PS_MAX_TM"": ""3"", ""PS_MIN_TM"": ""441"", ""SD_MAX_TM"": ""-9"", ""SD_NEW_TM"": ""-9"", ""TA_MAX_TM"": ""1306"", ""TA_MIN_TM"": ""414"", ""WS_INS_TM"": ""1353"", ""WS_MAX_TM"": ""1353"", ""RN_10M_MAX"": ""3.6"", ""RN_60M_MAX"": ""3.7"", ""RN_POW_MAX"": ""-9.0"", ""SI_60M_MAX"": ""-9.00"", ""RN_10M_MAX_TM"": ""1344"", ""RN_60M_MAX_TM"": ""1258"", ""RN_POW_MAX_TM"": ""-9"", ""SI_60M_MAX_TM"": ""-9""}","20260723,108,-9.0,-9,20,6.3,1353,20,10.2,1353,-99.0,29.3,1306,25.7,414,-99.0,-99.0,24.2,-9.0,75.0,1319,-9.0,-9.0,-9.0,-9.00,-9.0,-9.0,1007.9,3,1006.2,441,-9.0,-9.0,14.3,-9.0,-9.00,-9.00,-9,6.0,-9.0,-9.00,3.7,1258,3.6,1344,-9.0,-9,-9.0,-9,-9.0,-9,26.3,25.0,24.7,20.9,15.4,",https://apihub.kma.go.kr/api/typ01/url/kma_sfcdd.php?tm=&stn=108&authKey=L_aqRjZLRCq2qkY2S3QqkA
